index,left_shoulder_x,left_shoulder_y,right_shoulder_x,right_shoulder_y,left_elbow_x,left_elbow_y,right_elbow_x,right_elbow_y,left_wrist_x,left_wrist_y,right_wrist_x,right_wrist_y,left_hip_x,left_hip_y,right_hip_x,right_hip_y,left_knee_x,left_knee_y,right_knee_x,right_knee_y,left_ankle_x,left_ankle_y,right_ankle_x,right_ankle_y
0,0.47725263,0.42243972,0.47733587,0.46814913,0.5487333,0.40569207,0.5388074,0.49283263,0.56991017,0.41292995,0.56587875,0.4864828,0.61035365,0.4239484,0.6077256,0.465034,0.7044685,0.40536022,0.71646595,0.47672868,0.8173513,0.37897986,0.83979565,0.48187935
1,0.4872219,0.40862736,0.4951225,0.46969977,0.5761131,0.40150747,0.57962555,0.48088574,0.60438406,0.4233368,0.604043,0.46060455,0.6258631,0.41907728,0.62675667,0.45402086,0.7433958,0.3869005,0.7481446,0.4747659,0.85308933,0.3551023,0.86488724,0.48059666
2,0.49886885,0.39871562,0.50184345,0.4575623,0.5844948,0.38738537,0.5907081,0.4693319,0.61437935,0.40914065,0.618702,0.45291612,0.6399471,0.40848467,0.6398141,0.44383377,0.7550114,0.38132733,0.7442674,0.47083116,0.86262435,0.34917054,0.8682132,0.4797579
3,0.472886,0.39455363,0.4808801,0.45154402,0.55949074,0.3821303,0.5640693,0.4621724,0.576597,0.40552607,0.5886792,0.4418751,0.6211753,0.41110745,0.6198591,0.43055886,0.7366495,0.37535673,0.7236849,0.46790162,0.84885365,0.47863057,0.8432382,0.3483595
4,0.46931913,0.39019144,0.47359487,0.44979033,0.5547662,0.3800602,0.55902094,0.4589156,0.58387023,0.40201327,0.58622646,0.44650424,0.60948306,0.3995197,0.61089975,0.43375102,0.7206839,0.37254745,0.7076955,0.46766448,0.8241103,0.3459097,0.83598673,0.47796723
5,0.49468666,0.44004884,0.48851812,0.3999481,0.5693714,0.45713875,0.57816035,0.38099143,0.6016119,0.44284448,0.6052334,0.41821328,0.62407047,0.43082738,0.62260896,0.3990872,0.7272529,0.46472043,0.7397463,0.3701571,0.8500307,0.47933114,0.84589076,0.33840615
6,0.5121501,0.3834643,0.5223256,0.43081465,0.58431786,0.38378024,0.59006107,0.43751073,0.5946847,0.4060687,0.60324734,0.43343133,0.654534,0.38237497,0.6584057,0.41685903,0.7577505,0.36696112,0.74778295,0.45243078,0.85821605,0.33981702,0.8577594,0.47728693
7,0.49411252,0.3798214,0.5109183,0.41329014,0.56629205,0.39679298,0.6081441,0.43205306,0.5429246,0.4217087,0.5533643,0.4488618,0.6371375,0.3522634,0.6456898,0.38157132,0.74662215,0.36361864,0.7412366,0.4265372,0.85186446,0.3366078,0.8596806,0.4550732
8,0.49679607,0.37913057,0.5149927,0.38918084,0.54542583,0.41658333,0.597846,0.39348647,0.554408,0.44855917,0.604119,0.4317,0.6349435,0.33362365,0.6381662,0.3516249,0.72130895,0.35465762,0.7288683,0.40107143,0.82218117,0.31924865,0.85161066,0.37793636
9,0.534667,0.3819256,0.5315975,0.35936907,0.57540935,0.41026983,0.6010913,0.34889272,0.5989884,0.4467202,0.6419462,0.37347725,0.6435042,0.32332796,0.64345765,0.31806326,0.7338478,0.3399699,0.74730605,0.37644148,0.81780434,0.28473693,0.8638731,0.34048715
10,0.56534374,0.36905113,0.55107933,0.34329158,0.6011062,0.39286923,0.6070124,0.32031816,0.62765414,0.4226508,0.6670374,0.3296499,0.65780133,0.3080004,0.65729547,0.30866456,0.7369676,0.32949597,0.7459341,0.36675745,0.80927783,0.28347662,0.8653987,0.33887923
11,0.5331526,0.330068,0.54776967,0.3398218,0.5834192,0.32453766,0.6326208,0.32553828,0.5985838,0.35020104,0.60256153,0.3510881,0.65970916,0.2908612,0.66627043,0.30567193,0.7262058,0.31548798,0.74615395,0.3603834,0.8102935,0.2756505,0.8637494,0.33661437
12,0.4969419,0.29340735,0.54943377,0.34344625,0.5532931,0.26005033,0.6167431,0.35869938,0.5450641,0.26452628,0.61471254,0.3994497,0.6524929,0.2787647,0.65899605,0.31014547,0.71641743,0.30157962,0.7547114,0.3501961,0.8120758,0.26897827,0.8633111,0.33818603
13,0.49177206,0.2817802,0.5024416,0.33171424,0.54929274,0.26252815,0.5144828,0.35469362,0.5495725,0.26128423,0.45592082,0.336642,0.6431696,0.28577012,0.6432587,0.3136308,0.7175417,0.2866907,0.7477482,0.3339791,0.8058541,0.27011013,0.84649104,0.33870256
14,0.4722244,0.28254795,0.47133386,0.3321799,0.55662054,0.26578158,0.51337737,0.3140139,0.52730376,0.27095038,0.5056766,0.2901804,0.62589705,0.28928238,0.62494576,0.3222424,0.7174619,0.280911,0.73630244,0.3318433,0.8091878,0.2710224,0.8300739,0.3433773
15,0.46535042,0.29473376,0.45217997,0.32647598,0.5573517,0.28523347,0.50148124,0.3003002,0.51879674,0.26104066,0.48350325,0.27457505,0.6046414,0.29795054,0.6032572,0.32842532,0.70713663,0.28214592,0.7189562,0.3420608,0.8057138,0.27152416,0.8173562,0.35355085
16,0.4543639,0.33472553,0.47423264,0.2880004,0.5084437,0.31935737,0.553422,0.2918099,0.47233984,0.28780496,0.5389219,0.26547006,0.60246885,0.33211604,0.60204685,0.2999832,0.7099064,0.34598044,0.7006628,0.28530332,0.80994385,0.367626,0.80074996,0.2731752
17,0.47078586,0.29793063,0.45987436,0.33345065,0.55432326,0.29859555,0.5151741,0.31868976,0.54356164,0.2695339,0.49116617,0.29028028,0.60160536,0.30652606,0.6012898,0.33700892,0.70687836,0.28742602,0.7149496,0.35146835,0.79981357,0.27213597,0.8080853,0.37306553
18,0.45758632,0.3026325,0.45042476,0.34963608,0.5356828,0.29819712,0.52332985,0.3476138,0.50233084,0.28444752,0.5111592,0.3283783,0.5941733,0.31821874,0.59314245,0.352513,0.70809656,0.2947405,0.7114535,0.3661303,0.80838275,0.28247505,0.8175328,0.38138452
19,0.4598633,0.3046371,0.45529795,0.36004707,0.54319334,0.29372272,0.52974665,0.38016853,0.501672,0.29272744,0.52147275,0.35422018,0.59245294,0.33622545,0.5909415,0.34870017,0.70004123,0.37729913,0.6998995,0.30994704,0.80534863,0.38739833,0.80215466,0.3023411
20,0.47991,0.31214598,0.47728252,0.37092057,0.55062854,0.29719603,0.55109495,0.39572623,0.5527491,0.30066872,0.56230134,0.37534523,0.60826933,0.32914656,0.6024332,0.3645463,0.7120164,0.31986892,0.70565975,0.39247218,0.811996,0.30628097,0.8146916,0.40986437
21,0.47727507,0.33678025,0.47721294,0.3940438,0.56721264,0.32740813,0.5507331,0.41320264,0.5634161,0.3403289,0.5809162,0.39833468,0.61414653,0.35194114,0.6095044,0.3861568,0.71752465,0.3253111,0.72626185,0.41550526,0.82798344,0.303569,0.828941,0.4350383
22,0.48769268,0.3580601,0.48345014,0.41802454,0.5758018,0.35234955,0.5663721,0.43239734,0.570207,0.36788574,0.57464737,0.41485006,0.61877424,0.37472767,0.6137247,0.41006428,0.7319685,0.34095854,0.7343266,0.43185875,0.83275706,0.30932426,0.8468368,0.4449622
23,0.48657665,0.37481445,0.48242247,0.4325843,0.56817627,0.36938515,0.56548077,0.44754824,0.5738269,0.37925482,0.5778444,0.4388783,0.62332743,0.39140692,0.6224247,0.4260438,0.7348241,0.36134967,0.74230033,0.43941686,0.8397322,0.33008415,0.8633534,0.44689733
24,0.45738503,0.38561457,0.4551692,0.44257307,0.5398928,0.37695387,0.5328215,0.46014133,0.5481754,0.38777086,0.553394,0.44475615,0.60162014,0.3966912,0.5997622,0.4329808,0.71174717,0.3775498,0.7220854,0.4477544,0.8324741,0.35797802,0.8468951,0.45253676
25,0.4554597,0.3912578,0.4558539,0.44994673,0.5307372,0.37815797,0.53581434,0.46585673,0.5561737,0.39260283,0.5633097,0.4503552,0.59831923,0.40039682,0.5991202,0.43571627,0.7157774,0.38525513,0.7157574,0.45802572,0.82349414,0.36604974,0.8342953,0.4672743
26,0.48790962,0.39458242,0.4823242,0.45326623,0.55727464,0.38373756,0.5548677,0.46417895,0.5803967,0.39492437,0.5911511,0.45521736,0.61770713,0.40347028,0.61416507,0.4382636,0.73722154,0.3900853,0.7340016,0.46948585,0.8525667,0.36374226,0.85031086,0.4885274
27,0.5155915,0.4003713,0.5249418,0.44967094,0.5889987,0.3903844,0.58764714,0.459706,0.6238634,0.39748654,0.6236447,0.45297322,0.6557925,0.40215728,0.657572,0.43495765,0.72649133,0.40020752,0.74253887,0.47052276,0.8137022,0.3644164,0.8625062,0.49314126
28,0.49777836,0.40130547,0.519414,0.4352413,0.56634486,0.40932447,0.6191745,0.44523275,0.56600946,0.4305446,0.58285624,0.4608209,0.63709205,0.37589774,0.64453816,0.39989972,0.7291834,0.3969058,0.7414612,0.44930077,0.83414525,0.36379308,0.857088,0.48718882
29,0.49484864,0.39467233,0.5146602,0.41298154,0.5683088,0.419334,0.5987506,0.42697778,0.55746174,0.46061304,0.5977042,0.45757446,0.6242661,0.35545763,0.6284683,0.3688871,0.714552,0.38814548,0.71532154,0.42332658,0.83507055,0.36215606,0.8491453,0.41923538
30,0.5039314,0.39633998,0.5103426,0.38831162,0.53948706,0.42335322,0.5928539,0.38830605,0.5545422,0.45525265,0.60157,0.42650464,0.6187701,0.33691186,0.6182005,0.33426112,0.7272726,0.36560252,0.743305,0.3766596,0.82265437,0.3351766,0.8439689,0.3260627
31,0.52830535,0.39035475,0.52398527,0.37200433,0.5608055,0.41861966,0.5911656,0.36021617,0.5805402,0.44940418,0.61287016,0.39039865,0.63274634,0.32313725,0.63081014,0.3219579,0.73195827,0.3504562,0.7625676,0.36038673,0.8132881,0.3122497,0.86068356,0.31394425
32,0.5355135,0.37519562,0.53312427,0.3620036,0.57757396,0.41828668,0.5758192,0.32753107,0.61599714,0.45634773,0.6274883,0.34560373,0.6323677,0.31023195,0.63449895,0.30930382,0.72753114,0.3446457,0.7556152,0.35721985,0.8093356,0.30477688,0.8643823,0.3119756
33,0.52624375,0.3654151,0.5323369,0.34144264,0.5517092,0.37488022,0.5943369,0.31668654,0.59538203,0.39883476,0.66984516,0.3288993,0.6345104,0.31565377,0.63667613,0.30699387,0.7282168,0.33740395,0.7496683,0.34861478,0.80517083,0.3043931,0.86618674,0.3111643
34,0.4750799,0.32773706,0.50944656,0.35298797,0.49978867,0.29805425,0.6108884,0.35319427,0.53847057,0.31626412,0.6606706,0.37850848,0.61694956,0.30135295,0.6268208,0.317659,0.7128749,0.32896417,0.7439773,0.3482542,0.8029218,0.29850918,0.8510201,0.3172236
35,0.45545906,0.3154874,0.49196967,0.36300424,0.51650906,0.28678313,0.5415421,0.38563094,0.49546048,0.29447615,0.52270764,0.42235723,0.6042269,0.30356726,0.611837,0.33137494,0.69206303,0.32058886,0.72193444,0.34182212,0.79771686,0.29913712,0.8295702,0.3214133
36,0.44317046,0.31157926,0.43833932,0.3619031,0.5172576,0.29459548,0.48539135,0.34976622,0.5072349,0.30260292,0.46803916,0.33321324,0.5950516,0.31627807,0.59547657,0.3478098,0.6970976,0.3089924,0.7110311,0.34666866,0.79485846,0.3063279,0.8111408,0.33994672
37,0.43654513,0.31931806,0.4338803,0.3627355,0.42329022,0.2968208,0.45195124,0.351446,0.401679,0.31295115,0.43842784,0.32245135,0.5845845,0.32430235,0.58704996,0.35660502,0.6932755,0.31137192,0.7020363,0.3643337,0.80360466,0.3070568,0.80756414,0.3667326
38,0.4563977,0.3197038,0.4409998,0.36170998,0.54911697,0.31351364,0.50404614,0.34439248,0.4854447,0.29786456,0.45506418,0.31223685,0.59501535,0.3343801,0.595529,0.36200655,0.6893354,0.3149279,0.70594954,0.3776938,0.80338484,0.393966,0.8033675,0.3937393
39,0.46463987,0.33166188,0.45250216,0.37160847,0.54626334,0.33093938,0.5294053,0.3512959,0.5347315,0.30479833,0.5371665,0.3119514,0.60450286,0.34369704,0.60489875,0.37589678,0.69884825,0.31972995,0.714472,0.3912116,0.8038493,0.30997553,0.80527323,0.42021963
40,0.4698425,0.34156752,0.46193343,0.38836315,0.54725665,0.34248924,0.53488207,0.38668966,0.54509735,0.33758688,0.55212516,0.36600843,0.6100871,0.35673082,0.60902387,0.38989434,0.7044316,0.3248023,0.7144937,0.40459916,0.804222,0.30914056,0.80675036,0.4341407
41,0.4748836,0.3495396,0.4703572,0.40297526,0.56343204,0.33976522,0.54046667,0.42251775,0.5353776,0.34357858,0.5436235,0.39368623,0.6146647,0.37045315,0.6129564,0.3972279,0.70104223,0.3305061,0.7141944,0.41030803,0.8076801,0.43591142,0.8061647,0.30562168
42,0.45782766,0.34873834,0.45989105,0.40502048,0.5377804,0.33735046,0.535124,0.4269739,0.5267245,0.3427718,0.55099124,0.40120888,0.60232174,0.36090803,0.5999201,0.39868,0.7067626,0.33495295,0.7117388,0.42121905,0.8257303,0.31930968,0.8198631,0.44048107
43,0.466997,0.34412277,0.46682733,0.4016428,0.5443637,0.3315528,0.54585713,0.41927618,0.55297494,0.34679258,0.5619229,0.40231797,0.6036217,0.3610329,0.6031386,0.3854841,0.7201401,0.41835964,0.72637355,0.3412256,0.8351797,0.4439213,0.8461024,0.32814005
44,0.48404667,0.3446055,0.4851834,0.40509728,0.56569314,0.33212307,0.56513315,0.4168982,0.57230085,0.34337324,0.5805018,0.40251902,0.6183444,0.35429046,0.61965805,0.39039293,0.73890275,0.3390664,0.73636824,0.41427946,0.84968084,0.3303711,0.8496434,0.43579018
45,0.46241736,0.35152206,0.46476507,0.41157228,0.54325205,0.34307757,0.54962975,0.42317054,0.5543755,0.35638422,0.5671541,0.40905645,0.606,0.3611042,0.6033762,0.39765406,0.72445023,0.34763756,0.7166579,0.42586374,0.8452879,0.3313086,0.84227103,0.4409159
46,0.45070085,0.35988525,0.45835656,0.41965243,0.5337549,0.34914547,0.5449803,0.42790872,0.543185,0.36785188,0.55959237,0.418712,0.5940281,0.36929682,0.5946294,0.4058672,0.7097697,0.3518436,0.70914024,0.4338392,0.83229375,0.3343569,0.832118,0.45316634
47,0.4707297,0.3686966,0.47491023,0.42814252,0.54743814,0.35456422,0.5590407,0.4369717,0.5627264,0.3684004,0.5792817,0.42672765,0.60452414,0.37507486,0.60618633,0.41139343,0.722861,0.35751662,0.72305524,0.4428745,0.8315551,0.33341452,0.842972,0.46339482
48,0.514847,0.38253322,0.5266803,0.43342713,0.5904718,0.36791193,0.6064005,0.43952468,0.62062126,0.372045,0.6309353,0.4312101,0.6510274,0.3827224,0.6524725,0.4161229,0.7402458,0.36887962,0.7392141,0.45322642,0.8290636,0.33563957,0.85790455,0.46510693
49,0.5160465,0.37879956,0.52888644,0.4203343,0.5755243,0.38360128,0.5996768,0.43348032,0.5860921,0.40884277,0.5871209,0.4349124,0.6540686,0.37051213,0.6607661,0.4045519,0.7336358,0.36921287,0.741926,0.4453891,0.82024294,0.34522232,0.86217004,0.46562722
50,0.49167958,0.36830246,0.5129594,0.3990383,0.5667445,0.37673786,0.6113117,0.4093968,0.5551761,0.40212747,0.56866217,0.43063274,0.63691264,0.34341818,0.641357,0.37082908,0.72932535,0.3699646,0.7379632,0.416298,0.8325541,0.3538613,0.85515803,0.45668954
51,0.4731804,0.35479867,0.4928493,0.36452588,0.514578,0.38513476,0.5806963,0.37246433,0.5148086,0.4173081,0.57975966,0.4107845,0.6108491,0.31368616,0.61254084,0.32190946,0.7029203,0.3516166,0.7075309,0.37737417,0.82935596,0.34264928,0.83494365,0.3617589
52,0.48143503,0.3486957,0.48140517,0.34384125,0.51810586,0.38005725,0.56377405,0.3461409,0.52674276,0.41186225,0.57285166,0.38716662,0.6039832,0.30018356,0.6019774,0.2943812,0.704934,0.33794662,0.711396,0.33962882,0.81117797,0.30179083,0.82052606,0.2985252
53,0.50342107,0.33883047,0.4964268,0.31529844,0.52533525,0.3595014,0.5672598,0.30759302,0.54094964,0.38572237,0.58575654,0.3461782,0.6164108,0.28432444,0.6127398,0.27461496,0.7165255,0.30769485,0.73150015,0.31832442,0.7958106,0.25152206,0.83446586,0.27718872
54,0.5190485,0.31801447,0.50765985,0.29188552,0.555018,0.35146055,0.56087375,0.265397,0.58140737,0.38612378,0.6017275,0.27831474,0.6230618,0.26173502,0.6190221,0.25332606,0.7157763,0.2653127,0.72428846,0.30573517,0.7835783,0.22233194,0.8393632,0.27591625
55,0.5023691,0.29455885,0.5098006,0.27307197,0.53435653,0.30446365,0.5915612,0.25367454,0.56688035,0.32822484,0.65276563,0.27572337,0.6138969,0.25293088,0.6159892,0.24325189,0.7023411,0.25467572,0.7210139,0.29558825,0.7816295,0.21191081,0.8412525,0.27425444
56,0.44278863,0.24918324,0.5054622,0.28827435,0.4846252,0.21260782,0.58844185,0.2946559,0.48969346,0.24007374,0.62650764,0.32366058,0.6001026,0.23354161,0.6108816,0.25934234,0.6870651,0.24235718,0.71742815,0.28143758,0.7867027,0.20765851,0.8356552,0.2752681
57,0.44035777,0.23206958,0.44841945,0.279734,0.50742227,0.21106301,0.46122,0.29881066,0.4651079,0.22000866,0.38354135,0.29998994,0.5874557,0.23388824,0.5887418,0.26524904,0.68584603,0.22376761,0.70937943,0.27616802,0.7879042,0.21016017,0.8157259,0.27833864
58,0.43111774,0.2378621,0.421628,0.27836925,0.51442134,0.2169096,0.4694838,0.25226092,0.45146385,0.21775183,0.44479358,0.22198947,0.5741765,0.24251005,0.575909,0.27270016,0.6812863,0.22474419,0.6917623,0.28107148,0.78267384,0.21287213,0.8017695,0.28847742
59,0.4311077,0.2414957,0.4210551,0.2749443,0.51911026,0.22476053,0.47564846,0.2577642,0.46217373,0.20957226,0.4459184,0.23074499,0.56695086,0.25009435,0.56706333,0.2789457,0.6824241,0.2276233,0.69436413,0.2890637,0.78341573,0.2133202,0.7887877,0.3083625
60,0.4418394,0.24009472,0.43497518,0.28234857,0.5367957,0.24017638,0.4996931,0.26526454,0.4939006,0.21182963,0.44558686,0.23446344,0.5784821,0.2546534,0.5793807,0.28517318,0.6813579,0.22902155,0.6966567,0.30268458,0.78016114,0.21526657,0.78011745,0.33065903
61,0.45767564,0.25482187,0.45287716,0.29209337,0.53892565,0.25036713,0.51933813,0.26585484,0.51085234,0.22442296,0.51003337,0.22887465,0.5911288,0.2781488,0.5898863,0.2819087,0.69616413,0.31132713,0.68641824,0.23400982,0.7805804,0.34301803,0.7812862,0.21751782
62,0.4640413,0.26748374,0.45948902,0.31536698,0.5429134,0.25968418,0.52762127,0.31773585,0.53707075,0.26661903,0.5479003,0.30352768,0.6003447,0.28195998,0.600334,0.31284535,0.6886025,0.24771594,0.6871807,0.32047847,0.77858496,0.3530543,0.7690489,0.34965765
63,0.47009382,0.28406143,0.45973945,0.33672076,0.5550722,0.26799336,0.5266325,0.35990742,0.5205354,0.2705209,0.5354797,0.33406386,0.6029212,0.30082896,0.6012019,0.33352286,0.6796695,0.26197335,0.6954407,0.33587188,0.7997288,0.249346,0.792249,0.3554877
64,0.45060417,0.2884146,0.44904116,0.34370044,0.5280413,0.27466694,0.52175987,0.36326542,0.53277916,0.29147857,0.5406946,0.3421289,0.59136194,0.30450487,0.5880306,0.337881,0.68952394,0.28446406,0.68564856,0.3492531,0.79469174,0.2952322,0.7784966,0.35965884
65,0.45601758,0.29113773,0.45523888,0.34729725,0.5360913,0.28044885,0.53157705,0.36302564,0.5411384,0.2912502,0.54700863,0.3485713,0.5960499,0.30776513,0.59089226,0.34062117,0.7134931,0.30698937,0.698661,0.36180744,0.818476,0.31999004,0.7919411,0.37581098
66,0.46449766,0.3006499,0.4601591,0.35723504,0.5488681,0.29187524,0.53898615,0.37134537,0.5413056,0.30213714,0.55146927,0.36195266,0.60390043,0.31505045,0.6007216,0.34963423,0.7140811,0.31624848,0.6995672,0.37507,0.8234176,0.3231037,0.80948734,0.39659202
67,0.4423019,0.31254816,0.44246617,0.3685961,0.52467513,0.30152142,0.5188429,0.38380086,0.5268912,0.31010202,0.5465874,0.369768,0.5896257,0.3228049,0.5844884,0.35872743,0.70783013,0.32242194,0.69758826,0.38685545,0.8247902,0.32281977,0.81142116,0.40820763
68,0.4475104,0.32145512,0.44465485,0.3827841,0.5274099,0.3116306,0.52024215,0.3962733,0.5232998,0.32387164,0.5420323,0.38682485,0.585763,0.3351668,0.5813551,0.36655512,0.7181698,0.3257802,0.6962496,0.39773223,0.8342623,0.3180302,0.81861734,0.41994807
69,0.48307192,0.34349212,0.48944172,0.39888683,0.55306965,0.32870498,0.56703544,0.41019416,0.5769676,0.34208402,0.58620304,0.39920583,0.6168668,0.34821746,0.6165599,0.38270646,0.7391791,0.33748758,0.7316806,0.4170347,0.8511542,0.31482136,0.85083133,0.4240083
70,0.5018898,0.36555138,0.5055153,0.41886985,0.5758913,0.35708123,0.5870592,0.42407227,0.61599416,0.36823598,0.6014724,0.41398144,0.6347706,0.36566865,0.6384768,0.39600903,0.7412944,0.36086184,0.74377906,0.43428525,0.8324564,0.3212532,0.860176,0.42560315
71,0.49040443,0.39004278,0.5014063,0.43088713,0.5567381,0.40208036,0.5863811,0.43555468,0.5673746,0.42800155,0.57446957,0.44841224,0.6322872,0.377783,0.63611716,0.401007,0.73478144,0.39503327,0.73599714,0.43955293,0.8063975,0.34107417,0.86717653,0.42740202
72,0.47004014,0.41392052,0.47787893,0.43930948,0.54027337,0.4318043,0.5695516,0.44770098,0.52219814,0.47414702,0.57067657,0.47826952,0.607827,0.3876795,0.61426026,0.40696535,0.7137496,0.42020833,0.7259153,0.44128546,0.8226265,0.3840692,0.86424124,0.42580813
73,0.4575761,0.43378854,0.46769693,0.43934402,0.50624037,0.46519148,0.5534413,0.4580978,0.4928871,0.5010356,0.5364714,0.50033754,0.6059685,0.39520812,0.6098458,0.4134411,0.72324365,0.42224738,0.7110687,0.45760196,0.8173102,0.385345,0.8366314,0.4335851
74,0.46273187,0.464894,0.4667541,0.44454005,0.4855221,0.48862663,0.5241522,0.443743,0.5010232,0.5140661,0.53788346,0.4791721,0.6007327,0.4203025,0.5990301,0.4148643,0.70751816,0.44774058,0.7019993,0.4640941,0.7927276,0.3925345,0.82902783,0.46383077
75,0.47911635,0.4883678,0.4779664,0.45743486,0.5004856,0.51989293,0.53691554,0.4437212,0.51039016,0.5553471,0.55754036,0.47209653,0.60603005,0.44065127,0.6051289,0.4287814,0.7043549,0.47372478,0.70780593,0.482269,0.7763468,0.4324051,0.8301454,0.46663475
76,0.49021834,0.4996147,0.4808081,0.46420676,0.5088129,0.5295234,0.5352213,0.44693688,0.52089757,0.5655632,0.56360745,0.45747882,0.6051023,0.4531558,0.600857,0.43817037,0.6982227,0.48808712,0.70399535,0.48824993,0.7784369,0.46990085,0.8093821,0.4676033
77,0.4593271,0.48580125,0.46008605,0.47771743,0.50595164,0.48802477,0.5556336,0.46817037,0.5131689,0.5124839,0.6002789,0.49416068,0.5867715,0.4594635,0.58880264,0.45300302,0.6737766,0.49192393,0.6941089,0.4918606,0.7671971,0.4709676,0.80653,0.47040582
78,0.41687408,0.45988357,0.43795964,0.50778645,0.48441726,0.43446323,0.48963654,0.5344165,0.4624991,0.4345267,0.47402352,0.5697724,0.5599389,0.4632444,0.56225115,0.4869298,0.65832955,0.47636706,0.670611,0.48839027,0.7619998,0.47041678,0.78632224,0.46629897
79,0.4126758,0.4587589,0.4046166,0.51405966,0.486885,0.45067275,0.46117744,0.5053607,0.47544867,0.45389795,0.45736814,0.4919277,0.54901934,0.47494546,0.5478779,0.5035353,0.6630211,0.47630715,0.66457874,0.49425822,0.771222,0.47642002,0.76367664,0.48248765
80,0.41413844,0.46769166,0.3952905,0.51249754,0.47581825,0.4632152,0.4344312,0.49528703,0.3720302,0.46122292,0.36526006,0.4666988,0.5425327,0.48225215,0.54063123,0.5125729,0.65704924,0.47912467,0.66185516,0.5126081,0.7666834,0.5106155,0.7628394,0.5093138
81,0.4069929,0.472975,0.40491483,0.5186771,0.46095708,0.4593259,0.46180046,0.51660526,0.49393976,0.47129664,0.50112563,0.50656587,0.55274236,0.4939669,0.54905415,0.5232238,0.6652704,0.48426145,0.66599643,0.53264374,0.76795906,0.47876394,0.7646911,0.55576915
82,0.43643922,0.48558494,0.41728103,0.52091914,0.516712,0.4871421,0.49071914,0.5073948,0.49324313,0.462535,0.48886564,0.46920967,0.56113434,0.5060984,0.55843014,0.5335612,0.65650946,0.4868939,0.6642527,0.5447271,0.7643677,0.48414132,0.7580905,0.5736426
83,0.4529934,0.49581164,0.43742988,0.5301183,0.53291446,0.4965297,0.5108956,0.51750815,0.50206405,0.47010073,0.49732846,0.48037884,0.58561087,0.5178168,0.5831318,0.5434513,0.6560166,0.4774961,0.67354965,0.5517172,0.769011,0.48469114,0.76054996,0.5856785
84,0.46622366,0.48992795,0.46006343,0.5339304,0.54348344,0.4872987,0.52841705,0.55094886,0.50491405,0.46378928,0.5219593,0.52789974,0.5959672,0.51313156,0.59351605,0.54084617,0.6707957,0.47209683,0.68177795,0.54633605,0.7861134,0.47540364,0.76350087,0.58487576
85,0.4578278,0.47465122,0.45309615,0.5263994,0.54067427,0.4694773,0.5246194,0.5458308,0.51652604,0.4708878,0.53383124,0.5298886,0.5890252,0.4920921,0.5867824,0.524804,0.6859298,0.46773434,0.67845464,0.54526055,0.8009396,0.4704428,0.76235616,0.5782205
86,0.44379187,0.46272346,0.44850773,0.5134195,0.5031914,0.45218956,0.51257145,0.53499925,0.518074,0.45751438,0.5385341,0.51938426,0.57693887,0.49563393,0.5771762,0.49259257,0.67725646,0.5317833,0.68820506,0.46805608,0.7763072,0.554888,0.7937084,0.47036558
87,0.42187917,0.45506713,0.42910114,0.51220506,0.50088245,0.44262213,0.50383586,0.5266603,0.5059558,0.4485166,0.533391,0.50918615,0.56064016,0.46423945,0.5588435,0.49783996,0.6805867,0.45756698,0.66881317,0.5123017,0.7980928,0.45752388,0.7803225,0.52610415
88,0.4331138,0.45225933,0.43863383,0.50878465,0.5094948,0.43814844,0.51762545,0.51733017,0.5199332,0.44821224,0.5389538,0.5017327,0.56105745,0.45693812,0.5625335,0.49082747,0.6809362,0.44437405,0.6798668,0.50389254,0.79858786,0.42856762,0.8007193,0.5105181
89,0.46910366,0.44813958,0.47524735,0.50319624,0.54007787,0.4343452,0.54113233,0.5098639,0.5613763,0.44647387,0.5682344,0.5043918,0.60341424,0.4500335,0.6041202,0.48138693,0.71405834,0.43082243,0.71762073,0.5021895,0.81840867,0.39349353,0.82662016,0.4968725
90,0.49196216,0.46210486,0.5083719,0.5071254,0.5563248,0.45502687,0.5805712,0.5120001,0.57984054,0.4820096,0.5940212,0.49954623,0.62037194,0.446276,0.6272616,0.47570136,0.7345333,0.43087855,0.71870977,0.5188307,0.8254869,0.3948587,0.8336958,0.49347296
